city,postcode,Actual
Chennai,600096,Wrong Input
Aberdeen City,AB10 6QD,Aberdeen
-,AB11 9LX,Aberdeen
Petercult,AB165QN,Peterculter
Abedeen,AB24 2RN,Aberdeen
,AB24 5AE,Aberdeen
Aberdeenshire,AB24 5PS,Aberdeen
,AB33 8EW,Alford
Aberdeenshire,AB42 1TN,Peterhead
Aberdeen,AB43 9AS,Fraserburgh
Aberdeenshire,AB44 1LX,MACDUFF
Aberdeenshire,AB51 3QR,Inverurie
Banffshire,AB56 1BN,Buckie
Hertfordshire,AL1 1PQ,St. Albans
Hertfordshire,AL1 2PG,St. Albans
,B11 2EX,Birmingham
Tysley,B11 2EX,Birmingham
Birmingham,B11 2QL,Birmingham
Sparkhill,B11 4DX,Birmingham
Birmingham,B11 4JZ,Birmingham
Birmingham,B12 8LA,Birmingham
,B12 9LH,Birmingham
Birmingham,B13 0BT,Birmingham
Birmingham,B14 5EZ,Birmingham
Birmingham,B14 5EZ,Birmingham
West Midlands,B14 6EB,Birmingham
West Midlands,B17 0QT,Birmingham
West Midlands,B18 4HB,Birmingham
West Midlands,B18 6LJ,Birmingham
Birmingham,B18 6NG,Birmingham
Birmingham,B19 1SU,Birmingham
Birmingham,B19 2SW,Birmingham
Birmingham,B20 2QL,Birmingham
,B23 6EN,Birmingham
Birmingham,B23 6NX,Birmingham
West Midlands,B23 6UE,Birmingham
West Midlands,B23 7AB,Birmingham
,B24 0TJ,Birmingham
Birmingham,B24 9PJ,Birmingham
Birmingham,B26 1AL,Birmingham
Birmingham,B26 3JR,Birmingham
Birmingham,B27 6RG,Birmingham
,B28 8PA,Birmingham
Birmingham,B28 9AD,Birmingham
Birmingham,B28 9HW,Birmingham
Weoley Castle,B29 5QH,Birmingham
,B29 6HJ,Birmingham
,B31 2NS,Birmingham
Northfield,B31 2SL,Birmingham
Kitts Green,B33 0AP,Birmingham
,B33 9SB,Birmingham
Birmingham,B42 1NN,Birmingham
,B42 1NN,Birmingham
Birmingham,B42 1NN,Birmingham
,B42 2LX,Birmingham
,B42 2QS,Birmingham
,B44 0QN,Birmingham
,B44 8JP,Birmingham
Birmingham,B45 0JD,Birmingham
,B45 8SG,Birmingham
,B45 9TZ,Birmingham
,B6 5RW,Birmingham
Birmingham,B6 5RW,Birmingham
West Midlands,B61 0DF,Bromsgrove
,B63 3BA,Halesowen
,B65 0HS,Rowley Regis
,B65 0JN,Rowley Regis
Brimingham,B66 3EU,Smethwick
,B66 4PB,Smethwick
Smethwick,B66 4PH,Smethwick
Birmingham,B68 0BZ,Oldbury
,B70 7NN,West Bromwich
,B70 7PN,West Bromwich
Tamworth,B78 1DX,Tamworth
Birmingham,B8 1NH,Birmingham
Birmingham,B8 2HJ,Birmingham
Birmingham,B8 3PX,Birmingham
Small Heath,B9 5QG,Birmingham
,B9 5SR,Birmingham
,B97 4RA,Redditch
Redditch,B97 4RA,Redditch
Worcestershire,B98 0EP,Redditch
,B98 0EP,Redditch
,B98 8LX,Redditch
Worcestershire,B98 9HE,Redditch
Bath And North East Somerset,BA1 2RS,Bath
Somerset ,BA1 3BB,Bath
Bath,BA1 4BX,Bath
Warminster,BA12 9EF,Warminster
Wiltshire,BA13 3BW,Westbury
Trowbridge,BA14 0BA,Trowbridge
Wiltshire,BA14 8HA,Trowbridge
,BA14 8TJ,Trowbridge
Trowbridge,BA14 9QP,Trowbridge
Wiltshire,BA15 1JY,BRADFORD-ON-AVON
Yeovil,BA20 1EQ,Yeovil
,BA20 1NE,Yeovil
,BB1 2AE,Blackburn
,BB1 2HR,Blackburn
Lancashire,BB1 4AD,Blackburn
,BB1 5PD,Blackburn
,BB1 6LD,Blackburn
,BB10 1DT,Burnley
,BB10 1UR,Burnley
Burnley,BB11 1NA,Burnley
Burnley,BB11 1TQ,Burnley
Lancashire,BB11 2BU,Burnley
,BB11 4HU,Burnley
Burnley,BB11 4SB,Burnley
,BB12 6HH,Burnley
,BB2 1TB,Blackburn
,BB2 4DT,Blackburn
Rossendale,BB4 6AA,Rossendale
Lancashire,BB5 1AR,Accrington
,BB5 1AS,Accrington
Lancashire,BB5 1AS,Accrington
,BB5 1EH,Accrington
,BB5 1JJ,Accrington
,BB5 1LL,Accrington
,BB5 1SA,Accrington
Lancashire,BB7 1AW,Clitheroe
Clitheroe,BB7 1EE,Clitheroe
Nelson,BB9 7HD,Nelson
Lancashire,BB9 9SG,Nelson
,BB9 9SJ,Nelson
,BD1 1SX,Bradford
,BD1 3EP,Bradford
,BD10 0JJ,Bradford
,BD15 7QU,Bradford
West Yorkshire,BD157QE,Wrong Input
,BD18 1PB,Shipley
,BD18 3HN,Shipley
,BD18 4SB,Shipley
,BD2 2DW,Bradford
,BD2 2HL,Bradford
,BD2 3ES,Bradford
,BD2 4QF,Bradford
West YOrkshire,BD21 3AD,Keighley
,BD21 5JA,Keighley
,BD23 2TA,Skipton
,BD3 8QR,Bradford
,BD3 9DY,Bradford
Bradford,BD3 9QX,Bradford
Yorkshire,BD3 9RA,Bradford
,BD4 6LX,Bradford
Bradford,BD4 9LU,Bradford
Bradford,BD4 9SA,Bradford
Bradford,BD5 0QZ,Bradford
West Yorkshire,BD7 1AF,Bradford
,BD7 1AL,Bradford
West Yorkshire,BD7 1AU,Bradford
,BD7 1AZ,Bradford
West Yorkshire,BD7 1QG,Bradford
,BD7 1QJ,Bradford
,BD7 2BR,Bradford
,BD7 2HQ,Bradford
,BD7 4EF,Bradford
,BD7 4EF,Bradford
,BD8 0QB,Bradford
West Yorkshire,BD8 8DP,Bradford
,BD8 9NL,Bradford
Bradford,BD9 4QU,Bradford
,BD9 5ES,Bradford
Dorset,BH1 1PH,Bournemouth
,BH1 4AH,Bournemouth
,BH21 1HN,Wimborne
,BH21 1HN,Wimborne
Dorset,BH21 1RJ,Wimborne
Dorset,BH21 7QD,Wimborne
,BH23 2AP,Christchurch
Hampshire,BH24 1AN,Ringwood
Hampshire,BH25 6DX,New Milton
,BH3 7AT,Bournemouth
,BH6 3LA,Bournemouth
,BH8 9QW,Bournemouth
Bolton,BL1 1SN,Bolton
BOLTON,BL1 4JU,Bolton
,BL1 4JU,Bolton
,BL1 8DU,Bolton
Bolton,BL2 6HX,Bolton
Bolton,BL3 5QU,Bolton
Farnworth,BL4 7LE,Bolton
,BL4 8LA,Bolton
,BL4 9HE,Bolton
Blackrod,BL6 5EE,Bolton
Bury,BL8 1LB,Bury
Lancashire,BL8 1LB,Bury
,BL9 0AY,Bury
,BL9 7AF,Bury
Lancashire,BL9 7BA,Bury
East Sussex,BN1 1NJ,Brighton
London,BN1 3XD,Brighton
,BN1 4QF,Brighton
,BN11 3JN,Worthing
Brighton,BN2 8LG,Brighton
Eastbourne,BN21 3DH,Eastbourne
,BN21 3EU,Eastbourne
East Sussex,BN21 3QA,Eastbourne
,BN22 0AS,Eastbourne
,BN22 7NG,Eastbourne
Brighton,BN25 1QU,Seaford
,BN3 1AE,Hove
Hove,BN3 2DJ,Hove
East Sussex,BN3 3HD,Hove
,BN3 7JL,Hove
,BR1 3PE,Bromley
1,BR1 3PU,Bromley
,BR2 7PR,Keston
,BR2 9LD,Keston
,BR3 1DZ,Beckenham
Greater Londo,BR3 3RA,Beckenham
,BS1 4BY,Bristol
,BS10 5PL,Bristol
Bristol,BS16 5NJ,Bristol
Weston-super-Mare,BS22 6HN,Weston-Super-Mare
Somerset,BS27 3QA,Cheddar
,BS37 4NG,Bristol
Bristol North,BS37 5UY,Bristol
Bristol,BS4 2QG,Bristol
Bristol,BS4 3EU,Bristol
Somerset,BS4 4AL,Bristol
Nailsea,BS48 1RD,Bristol
,BS48 3HL,Bristol
,BS5 6RD,Bristol
Bristol,BS5 8AA,Bristol
,BS5 8AQ,Bristol
City of Bristol,BS5 9LA,Bristol
Bristol,BS5 9LA,Bristol
Bristol,BS6 6LA,Bristol
Bristol,BS6 6PG,Bristol
,BS7 0QE,Bristol
,BS8 2XS,Bristol
,BT11 8BA,Belfast
,BT17 0PB,Belfast
Hollywood,BT18 9LG,Holywood
,BT20 3AH,BANGOR
Northern Ireland,BT20 4LF,BANGOR
Northern Ireland,BT38 8AT,Carrickfergus
Northern Ireland,BT38 9QD,Carrickfergus
,BT4 2AA,Belfast
Uk,BT4 3JD,Belfast
,BT41 4BA,ANTRIM
,BT48 7BW,LONDONDERRY
,BT48 9AT,LONDONDERRY
Londonderry,BT48 9BX,LONDONDERRY
,BT62 1PA,Craigavon
,BT63 5AA,Craigavon
Portadown,BT63 5AA,Craigavon
BELFAST,BT9 7EN,Belfast
Carlisle,CA1 1QP,Carlisle
Carlisle,CA1 1QP,Carlisle
Cumbria,CA1 1QP,Carlisle
Cumbria,CA1 1QS,Carlisle
Cumbria,CA1 1RP,Carlisle
Carlisle,CA1 1SH,Carlisle
Carlisle,CA1 2JZ,Carlisle
Carlisle,CA1 2JZ,Carlisle
Cumbria,CA1 2LS,Carlisle
Carlisle,CA1 2SN,Carlisle
Carlisle,CA1 3AH,Carlisle
,CA11 7BL,penrith
Carlisle,CA11AA,Carlisle
Seaton,CA14 1HY,Workington
Cumbria,CA14 3AW,Workington
Workington,CA14 3BW,Workington
Workington,CA14 3EF,Workington
Cumbria,CA14 3YW,Workington
Cumbria,CA14 4AZ,Workington
Cumbria,CA14 4HA,Workington
,CA15 7HP,Maryport
,CA15 8QU,Maryport
Cumbria,CA2 4AJ,Carlisle
Carlisle,CA2 4RA,Carlisle
Cumbria,CA2 5EN,Carlisle
Carlisle,CA2 5TY,Carlisle
,CA2 8XW,Carlisle
Cumbria,CA22 2DR,Egremont
Cumbria,CA25 5LA,Cleator Moor
,CA26 3SB,Frizington
,CA28 7ER,Whitehaven
,CA28 7ER,Whitehaven
,CA28 7ET,Whitehaven
Cumbria,CA28 7JH,Whitehaven
,CA28 7LA,Whitehaven
,CA3 8NX,Carlisle
,CA3 9SF,Carlisle
Wigton,CA7 4HS,Wigton
Cambridge,CB1 2AW,Cambridge
Cambridgeshire,CB2 1HN,Cambridge
Cambridgeshire,CB23 3RJ,Cambridge
,CB4 1NS,Cambridge
Cambridgeshire,CB6 1NE,Ely
Cambridgeshire,CB6 2RB,Ely
Cambridgeshire,CB7 4AH,Ely
Cambridgeshire,CB7 4LN,Ely
Cambridgeshire,CB7 4LZ,Ely
Suffolk,CB8 0BP,Newmarket
,CB8 0QL,Newmarket
,CF11 6AJ,Cardiff
Cardiff,CF11 6NJ,Cardiff
,CF11 6RU,Cardiff
,CF11 7AN,Cardiff
,CF11 9DX,Cardiff
Cardiff,CF14 2AA,Cardiff
Glamorgan,CF14 2FE,Cardiff
Cardiff,CF14 3BN,Cardiff
Cardiff,CF14 3LZ,Cardiff
,CF14 4AE,Cardiff
,CF24 1NL,Cardiff
,CF24 2BZ,Cardiff
,CF24 2DA,Cardiff
,CF24 3BN,Cardiff
,CF24 3BT,Cardiff
,CF24 3DL,Cardiff
Cardiff,CF24 3DR,Cardiff
Cardiff,CF24 3JB,Cardiff
,CF24 3JF,Cardiff
,CF24 3JH,Cardiff
Cardiff,CF24 3JH,Cardiff
Cardiff,CF24 4AE,Cardiff
South Glamorgan,CF24 4ND,Cardiff
,CF24 4NQ,Cardiff
,CF24 4NR,Cardiff
Cardiff,CF3 5SN,Cardiff
Cardiff,CF3 5SZ,Cardiff
Bridgend,CF31 1EB,Bridgend
,CF31 1LR,Bridgend
Bridgend,CF31 3AE,Bridgend
Village Farm,CF33 6NU,Bridgend
,CF37 1QJ,Pontypridd
Pontypridd,CF37 1SN,Pontypridd
,CF37 1SN,Pontypridd
R.C.T,CF37 1TW,Pontypridd
,CF37 4TR,Pontypridd
,CF37 4TR,Pontypridd
Cardiff,CF37 4TR,Pontypridd
,CF38 2AD,Pontypridd
,CF39 8DS,Porth
Porth,CF39 9RA,Porth
Porth,CF39 9RB,Porth
,CF39 9RT,Porth
,CF40 2QZ,Tonypandy
,CF43 4NN,Ferndale
,CF44 7AA,Aberdare
South Wales,CF44 7LA,Aberdare
,CF44 9HD,Aberdare
South Wales,CF45 3AE,Mountain Ash
Mid Glamorgan,CF45 3HB,Mountain Ash
Abercynon,CF45 4RE,Mountain Ash
Merthyr Tydfil,CF47 8UL,Merthyr Tydfil
Mid Glamorgan,CF47 8UN,Merthyr Tydfil
,CF48 1YF,Merthyr Tydfil
Cardiff,CF5 1JJ,Cardiff
,CF5 4RD,Cardiff
Llantwit Major,CF61 1XY,Llantwit Major
,CF62 7AA,Barry
Barry,CF62 7AB,Barry
Glamorgan,CF63 1BA,Barry
Barry,CF63 1BA,Barry
,CF63 4HQ,Barry
,CF63 4HT,Barry
Vale of Glamorgen,CF64 1ED,Penarth
,CF72 8AP,Pontyclun
Mid Glamorgan,CF72 9LJ,Pontyclun
,CF72 9RA,Pontyclun
,CF81 9EX,Bargoed
,CH1 3DN,Chester
Cheshire,CH1 4EY,Chester
Chester,CH1 5HN,Chester
Cheshire,CH2 1QL,Chester
,CH41 4DB,Birkenhead
,CH41 5BT,Birkenhead
,CH41 8EN,Birkenhead
,CH42 8PE,Birkenhead
,CH45 3HA,Wallasey
,CH47 2BH,WIRRAL
,CH5 1BY,Deeside
,CH5 4DD,Deeside
Flint,CH6 5NR,Bagillt
Bromborough,CH62 6BB,WIRRAL
,CH63 8LG,WIRRAL
Cheshire,CH65 8AE,Ellesmere Port
,CH65 8BU,Ellesmere Port
,CH66 1LR,Ellesmere Port
Cheshire,CH66 2RG,Ellesmere Port
Great Sutton,CH66 3PG,Ellesmere Port
Cheshire,CH66 3RB,Ellesmere Port
,CH7 1BH,Buckley
,CH7 3AE,Buckley
,CM11 2DN,Billericay
Essex,CM14 5HT,BRENTWOOD
,CM16 4BA,EPPING
,CM17 0DW,Harlow
,CM17 0HL,Harlow
Essex,CM18 6LX,Harlow
,CM2 0JA,Chelmsford
Essex,CM2 0LF,Chelmsford
Essex,CM2 7LJ,Chelmsford
Essex,CM20 3AB,Harlow
Harlow,CM20 3AB,Harlow
,CM20 3AN,Harlow
,CM23 2FN,Bishop's Stortford
Hertfordshire,CM23 3DH,Bishop's Stortford
Essex,CM7 3HP,BRAINTREE
,CO1 1JJ,Colchester
Colchester,CO1 1SZ,Colchester
Colchester,CO1 2AA,Colchester
Essex,CO1 2JX,Colchester
Essex,CO1 2LJ,Colchester
,CO1 2LJ,Colchester
Essex,CO1 2TQ,Colchester
Poplar Road,CO10 0GL,Sudbury
ESSEX,CO12 3AJ,Harwich
Essex,CO12 3DS,Harwich
,CO12 4LZ,Harwich
Colchester,CO2 7DA,Colchester
Colchester,CO2 7DA,Colchester
Essex,CO2 7DB,Colchester
Colchester,CO2 7EA,Colchester
Colchester,CO2 7EB,Colchester
Colchester,CO2 8LY,Colchester
Essex,CO3 3DA,Colchester
Colchester,CO4 3XZ,Colchester
Colchester,CO4 3XZ,Colchester
Colchester,CO7 7PP,Colchester
Surrey,CR0 7AE,Croydon
,CR0 7ER,Croydon
London,CR0 8BJ,Croydon
Greater London,CR2 9BX,South Croydon
Surrey,CR3 5NU,Whyteleafe
Mitcham,CR4 1LU,Mitcham
London,CR7 8LE,Thornton Heath
Surrey,CR8 2AY,Kenley
,CT11 7DF,Ramsgate
Kent,CT11 9ER,Ramsgate
Kent,CT5 4SD,Whitstable
Kent,CT9 1UN,Margate
,CT9 2PA,Margate
,CV1 1FJ,Coventry
Coventry,CV1 1JB,Coventry
West Midlands,CV1 3GJ,Coventry
Coventry,CV11 5BX,Nuneaton
Coventry,CV2 3NG,Coventry
,CV2 4BL,Coventry
Coventry,CV2 4LZ,Coventry
,CV21 3PT,Rugby
,CV3 1BA,Coventry
,CV3 6AU,Coventry
,CV31 1NL,Leamington Spa
Leamington Spa,CV32 7NA,Leamington Spa
,CV34 4TD,Warwick
Holbrooks,CV6 4AB,Coventry
,CV6 4AB,Coventry
,CV6 4BY,Coventry
Coventry,CV6 4GG,Coventry
,CV6 4HH,Coventry
Coventry,CV6 5AU,Coventry
West Midlands,CV6 5EQ,Coventry
Coventry,CV6 6EE,Coventry
West Midlands,CV6 6EN,Coventry
Hollbroks,CV6 6FT,Coventry
Coventry,CV6 7AQ,Coventry
,CW1 2BS,Crewe
Cheshire East,CW1 4JJ,Crewe
Cheshire,CW10 9AB,Middlewich
Cheshire,CW10 9AN,Middlewich
Cheshire,CW11 1AH,Sandbach
Cheshire,CW11 1DH,Sandbach
Cheshire,CW11 1DH,Sandbach
Sandbach,CW11 1GB,Sandbach
Cheshire,CW12 1BD,Congleton
Cheshire,CW12 1HG,Congleton
Cheshire,CW12 1RP,Congleton
Cheshire,CW12 1RS,Congleton
,CW2 6AF,Crewe
Cheshire,CW2 6AF,Crewe
Cheshire,CW2 6AL,Crewe
,CW2 6AW,Crewe
Cheshire,CW2 6AW,Crewe
Cheshire,CW2 6AX,Crewe
Crewe,CW2 7AJ,Crewe
Cheshire,CW2 7EF,Crewe
Cheshire,CW2 7EF,Crewe
Cheshire,CW2 7EP,Crewe
,CW2 7EP,Crewe
Cheshire,CW4 7AJ,Crewe
Cheshire,CW5 5ED,Nantwich
Cheshire,CW5 5LN,Nantwich
,CW7 2AD,Winsford
,CW7 2AP,Winsford
,CW8 1HG,Northwich
,CW8 1JQ,Northwich
Northwich,CW9 5AE,Northwich
Cheshire,CW9 5QY,Northwich
UK,CW9 8BQ,Northwich
Cheshire,CW9 8UW,Northwich
,DA1 1BG,Dartford
Dartford,DA1 1EW,Dartford
Kent,DA1 1YD,Dartford
,DA11 9HG,Gravesend
Kent,DA16 3PG,Welling
Kent,DA17 6LY,Belvedere
London,DA7 5HD,Welling
Scotland,DD1 4JA,Dundee
Fife,DD1 5GP,Dundee
Dundee,DD1 5LZ,Dundee
Angus,DD10 8JD,Montrose
Scotland,DD10 8JD,Montrose
,DD10 8PH,Montrose
Angus,DD11 1RG,Arbroath
,DD2 5AB,Dundee
Dundee,DD3 7RX,Dundee
,DD4 6TE,Dundee
Brechin,DD9 6ER,Brechin
,DE1 2AW,Derby
Derby,DE1 2RU,Derby
Derby,DE1 3BH,Derby
Woodville,DE11 7EH,Swadlincote
,DE13 9LS,Burton-On-Trent
Billing CountyBurton Upon Trent,DE14 1DB,Burton-On-Trent
Staffordshire,DE14 2LA,Burton-On-Trent
Staffordshire,DE14 2NB,Burton-On-Trent
Staffordshire,DE14 3BS,Burton-On-Trent
Staffordshire,DE14 3BS,Burton-On-Trent
Derby,DE21 2BN,Derby
Derby,DE21 6JR,Derby
Derby,DE21 6PF,Derby
Derby,DE21 6PF,Derby
Derby,DE22 3SJ,Derby
Derbyshire,DE22 3SJ,Derby
Derby,DE23 1JB,Derby
,DE23 1JB,Derby
,DE23 3TZ,Derby
Derby,DE23 6FP,Derby
Derby,DE23 6RH,Derby
,DE23 6UT,Derby
,DE23 6WE,Derby
Derbyshire,DE24 9BQ,Derby
Derbyshire,DE45 1HA,Bakewell
,DE55 7BJ,Alfreton
Belper,DE56 1BA,Belper
Belper,DE56 1FZ,Belper
Derbyshire,DE56 1LW,Belper
Derbyshire,DE56 1SA,Belper
,DE7 5LL,Ilkeston
Derbyshire,DE7 8AS,Ilkeston
,DE7 8FF,Ilkeston
Derbyshire,DE7 9HE,Ilkeston
,DE74 2EN,Derby
Derby,DE74 2PE,Derby
Dumfries,DG1 1BY,Dumfries
Dumfries,DG1 1HJ,Dumfries
Dumfries,DG1 2DA,Dumfries
,DG1 2RS,Dumfries
Annan,DG12 6JH,Annan
Gretna,DG16 5AG,Gretna
Castle Douglas,DG7 1DE,Castle Douglas
,DH3 4JR,Chester Le Street
Brandon,DH7 8PL,Durham
Durham,DH9 0HU,Stanley
County Durham,DH9 0HU,Stanley
County Durham,DL1 1BA,Darlington
Darlington,DL1 1TZ,Darlington
County durham,DL1 1XH,Darlington
Darlington,DL1 4XJ,Darlington
Darlington,DL1 5JQ,Darlington
Durham,DL14 6HS,Bishop Auckland
County Durham,DL14 9ER,Bishop Auckland
,DL15 0AA,Crook
Durham,DL15 0AD,Crook
,DL15 8NE,Crook
,DL17 0EJ,Ferryhill
,DL17 8LA,Ferryhill
Darlington,DL3 6EZ,Darlington
,DL4 1DT,Shildon
,DL4 1DX,Shildon
County Durham,DL5 4UE,Newton Aycliffe
,DL5 6UJ,Newton Aycliffe
,DN14 5DE,Goole
Goole,DN14 5UN,Goole
,DN14 6HD,Goole
,DN15 7JW,Scunthorpe
,DN15 7TG,Scunthorpe
Scunthorpe,DN16 2SD,Scunthorpe
Yorkshire,DN2 4BB,Doncaster
,DN21 4BD,Gainsborough
Barnby Dun,DN3 1AX,Doncaster
,DN3 3DL,Doncaster
,DN31 2DF,Grimsby
,DN31 3BE,Grimsby
,DN32 9DW,Grimsby
,DN32 9EP,Grimsby
,DN34 5LA,Grimsby
Grimsby,DN35 7AQ,Cleethorpes
,DN35 7DD,Cleethorpes
,DN35 8JW,Cleethorpes
,DN37 0LT,Grimsby
,DN4 0BG,Doncaster
,DN4 0RE,Doncaster
,DN4 9DL,Doncaster
,DN40 1NJ,Immingham
,DN40 1QR,Immingham
Doncaster,DN6 0JA,Doncaster
Dorset,DT3 5HU,Weymouth
,DT4 0AD,Weymouth
Dudley,DY1 1DB,Dudley
,DY1 3AP,Dudley
,DY10 2EL,Kidderminster
,DY13 8DT,Stourport-On-Severn
Tipton,DY4 7EX,Tipton
West Midlands,DY4 8RD,Tipton
Dudley,DY5 2JW,Brierley Hill
,DY6 8AA,Kingswinford
,DY8 1AE,Stourbridge
West Midlands,DY8 2JD,Stourbridge
St Lye,DY9 8JX,Stourbridge
Leyton,E10 5JY,London
London,E11 3HU,London
,E14 0ED,London
London,E17 3JF,London
London,E17 5DN,London
,E17 7JH,London
London,E18 1AY,London
,E2 0EJ,London
,E2 6LG,London
,E3 2SJ,London
London,E6 1LA,London
,E7 0EP,London
London,E8 2AQ,London
,E9 6RQ,London
,EC1R 0DR,London
Edinburgh,EH10 4QP,Edinburgh
Edinburgh,EH10 6AG,Edinburgh
Edinburgh,EH11 1TU,Edinburgh
Edinburgh,EH11 1UB,Edinburgh
Edinburgh,EH11 3AL,Edinburgh
,EH11 3AL,Edinburgh
Edinburgh,EH11 4JN,Edinburgh
Edinburgh,EH15 1AH,Edinburgh
Midlothian,EH15 2AT,Edinburgh
Bonnyrigg,EH19 3EB,Bonnyrigg
,EH19 3PA,Bonnyrigg
Musselburgh,EH21 6LX,Musselburgh
Midlothian,EH22 1AY,Dalkeith
,EH22 1AZ,Dalkeith
Midlothian,EH23 4BX,Gorebridge
Edinburgh,EH3 9JH,Edinburgh
,EH3 9JP,Edinburgh
Edinburgh,EH4 2SW,Edinburgh
,EH4 2SW,Edinburgh
Midlothian,EH4 4TD,Edinburgh
Uphall,EH52 5DN,Broxburn
,EH52 6EE,Broxburn
Livingston,EH54 6JH,Livingston
Edinburgh,EH6 4AF,Edinburgh
Edinburgh,EH6 4AF,Edinburgh
Edinburgh,EH6 8DT,Edinburgh
Edinburgh,EH6 8LS,Edinburgh
Edinburgh,EH6 8PD,Edinburgh
,EH7 5HN,Edinburgh
,EH7 5SN,Edinburgh
,EH7 5TY,Edinburgh
,EH8 9QY,Edinburgh
Hoddesdon,EN11 8UB,Broxbourne
,EN2 6EF,Enfield
,EN3 5UL,Enfield
,EN4 9DD,Barnet
Potters Bar,EN6 3BA,Potters Bar
,EN8 8LY,Waltham Cross
Devon,EX1 2QL,Exeter
,EX14 1HA,Honiton
,EX20 1HQ,North Tawton
,EX39 4DX,Bideford
,EX4 9EY,Exeter
,EX7 0PH,Dawlish
,EX7 9LJ,Dawlish
,FK10 3RF,Clackmannan
,FK2 7PA,Falkirk
,FK2 8JH,Falkirk
,FY1 1NH,Blackpool
,FY1 3RX,Blackpool
,FY4 2QL,Blackpool
Blackpool,FY4 4LP,Blackpool
,FY5 1AP,Thornton-Cleveleys
,FY5 1BU,Thornton-Cleveleys
Lancashire,FY5 1HG,Thornton-Cleveleys
,FY6 7AA,Poulton-Le-Fylde
Lancashire,FY8 1ZU,Lytham St. Annes
Glasgow,G1 5DR,Glasgow
,G13 3AY,Glasgow
,G14 0EA,Glasgow
Glasgow,G14 9DB,Glasgow
,G22 6EN,Glasgow
Glasgow,G3 8AB,Glasgow
Glasgow,G32 7TW,Glasgow
,G32 8AH,Glasgow
,G32 9ED,Glasgow
,G33 2RQ,Glasgow
,G33 2RQ,Glasgow
Scotland,G4 0PP,Glasgow
,G42 8RX,Glasgow
,G46 7RY,Glasgow
,G51 1BE,Glasgow
Lanarkshire,G51 1BU,Glasgow
,G52 3SJ,Glasgow
,G64 1NG,Glasgow
,G65 0BA,Glasgow
Bargeddie,G69 7SP,Glasgow
Glasgow,G72 7EP,Glasgow
Glasgow,G73 1AP,Glasgow
Glasgow,G73 2HF,Glasgow
Glasgow,G73 5AF,Glasgow
,G74 2AT,Glasgow
Glasgow,G74 3AE  ,Glasgow
Glasgow,G77 6EG,Glasgow
,G78 1AA,Glasgow
,G82 1LL,Dumbarton
,GL1 1PN,Gloucester
Gloucester,GL1 1QB,Gloucester
,GL1 2EX,Gloucester
Gloucestershire,GL1 5AN,Gloucester
,GL18 1PU,Newent
,GL2 0LY,Gloucester
Cheltenham,GL50 3HF,Cheltenham
Cheltenham,GL50 3HW,Cheltenham
,GL52 2SH,Cheltenham
,GL53 7ND,Cheltenham
Hampshire,GU14 6HD,Farnborough
Hampshire,GU14 7JW,Farnborough
FARNBOROUGH,GU14 8PX,Farnborough
Surrey,GU16 6QT,Camberley
Woking,GU21 4SY,Woking
Surrey,GU21 6LJ,Woking
Hampshire,GU35 9BU,Bordon
Bordon,GU35 9BU,Bordon
Middlesex,HA2 6ND,Harrow
London,HA2 8HA,Harrow
,HA2 8SE,Harrow
West Ruislip,HA4 7DW,Ruislip
Middlesex,HA5 1HR,Pinner
Greater London Uk,HA5 2EN,Pinner
Middlesex,HA8 8TD,Edgware
,HD1 2RA,Huddersfield
,HD1 3EB,Huddersfield
West Yorkshire,HD1 3JQ,Huddersfield
,HD1 4AA,Huddersfield
,HD6 1AD,Brighouse
,HD6 2DR,Brighouse
,HG1 1BT,Harrogate
Harrogate,HG3 2XU,Harrogate
Ripon,HG4 5DF,Ripon
Hertfordshire,HP1 3LG,Hemel Hempstead
,HP4 1HU,Berkhamsted
Hereford,HR4 9HG,Hereford
North Humberside,HU10 6AL,Hull
,HU10 6BU,Hull
,HU10 6UA,Hull
Hessle,HU13 0RE,Hessle
Hessle,HU13 9NB,Hessle
,HU17 9QJ,Beverley
,HU3 6LD,Hull
,HU4 6EY,Hull
,HU4 6QF,Hull
,HU4 7RY,Hull
,HU5 1LA,Hull
Hull,HU5 1NR,Hull
Hull,HU5 3QY,Hull
,HU5 4QZ,Hull
Hull,HU5 5JR,Hull
,HU6 8NS,Hull
,HU6 9PD,Hull
,HU7 0BY,Hull
,HU7 4NP,Hull
,HU8 0NB,Hull
,HU8 9AA,Hull
,HU8 9JF,Hull
,HU8 9PD,Hull
Hull,HU9 1NQ,Hull
,HU9 3AT,Hull
Hull,HU9 3DS,Hull
Hull,HU9 3JA,Hull
,HU9 5UY,Hull
,HX3 9DH,Halifax
"Halifax, Sowerby Bridge",HX6 3AN,Sowerby Bridge
,HX7 6AA,Hebden Bridge
,IG11 8SF,Barking
,IG2 6SY,Ilford
London,IG8 7HZ,Chigwell
Essex,IG8 8AF,Chigwell
Isle Of Man,IM2 4NH,Isle Of Man
,IP1 1DQ,Ipswich
Suffolk,IP1 5DT,Ipswich
Ipswich,IP2 0JW,Ipswich
Suffolk,IP22 1BS,Diss
Ipswich,IP3 0JJ,Ipswich
,IP3 0RF,Ipswich
,IP3 8QB,Ipswich
,IP3 9EX,Ipswich
,IP3 9NA,Ipswich
,IP4 1AD,Ipswich
Inverness,IV1 1QD,Inverness
Moray,IV30 4EG,Elgin
,KA1 1PH,Kilmarnock
East Ayrshire,KA1 3RB,Kilmarnock
Kilmarnock,KA1 3XF,Kilmarnock
,KA11 3BG,Irvine
,KA11 4EG,Irvine
,KA12 0AJ,Irvine
Irvine,KA12 9JP,Irvine
..,KA13 6BL,Kilwinning
Ayrshire,KA18 2AF,Cumnock
,KA20 4HD,Stevenston
Saltcoats,KA21 5DT,Saltcoats
Kilmarnock,KA3 2AD,Kilmarnock
East Ayrshire,KA4 8HP,Galston
,KA7 1TF,Ayr
Ayrshire,KA7 1TF,Ayr
,KA9 1JS,Prestwick
,KT13 9UQ,Weybridge
Surrey,KT14 6LF,West Byfleet
,KT14 7RG,West Byfleet
,KT15 1TL,Addlestone
,KT16 9BE,Chertsey
Surrey,KT18 7PF,Epsom
Epsom,KT19 0DT,Epsom
Surrey,KT8 0HP,West Molesey
,KT8 9HB,West Molesey
Fife,KY1 1JF,Kirkcaldy
Fife,KY1 1XF,Kirkcaldy
Fife,KY11 4QG,Dunfermline
Scotland,KY12 7AN,Dunfermline
Fife,KY12 8AT,Dunfermline
,KY16 0HN,St. Andrews
Fife,KY16 9QD,St. Andrews
Lochgelly,KY5 0BN,Lochgelly
Fife,KY7 4UR,Glenrothes
,KY7 5AD,Glenrothes
Fife,KY8 3PE,Leven
Leven,KY8 4EQ,Leven
,L1 9DF,Liverpool
Liverpool,L13 3DB,Liverpool
,L13 9AF,Liverpool
,L15 3JL,Liverpool
,L15 3JT,Liverpool
,L15 4LL,Liverpool
Liverpool,L15 5AH,Liverpool
Liverpool,L17 7BN,Liverpool
Liverpool,L18 6HG,Liverpool
Merseyside,L20 4NR,Liverpool
Liverpool,L20 7DA,Liverpool
,L20 9JX,Liverpool
,L25 1PZ,Liverpool
Liverpool,L25 8SQ,Liverpool
,L30 5QA,Bootle
Maghull,L31 2HB,Liverpool
,L39 1QR,Ormskirk
,L4 3QL,Liverpool
liverpool,L4 4AF,Liverpool
,L4 5PE,Liverpool
Burscough,L40 4BY,Ormskirk
Merseyside,L5 8TS,Liverpool
Wr,L8 4PF,Liverpool
,L9 0HY,Liverpool
,L9 0JB,Liverpool
Liverpool,L9 4RW,Liverpool
Liverpool,L9 6AN,Liverpool
Liverpool,L9 8AQ,Liverpool
,LA1 1YN,Lancaster
,LA1 3BG,Lancaster
,LA1 4YT,Lancaster
,LA1 5TQ,Lancaster
,LA14 1LD,Barrow-In-Furness
Barrow-in-furness,LA14 1PZ,Barrow-In-Furness
,LA3 1BZ,Morecambe
,LA9 5AF,Kendal
Leicestershire,LE1 2JU,Leicester
,LE1 6SL,Leicester
Hinckley,LE10 0LP,Hinckley
,LE10 1QU,Hinckley
,LE12 7NA,Loughborough
Leicestershire,LE2 0PF,Leicester
,LE2 0QS,Leicester
,LE2 1QG,Leicester
Leicestershire,LE2 1QL,Leicester
Leicester,LE2 1QL,Leicester
Leicestershire,LE2 1XL,Leicester
,LE2 3AJ,Leicester
,LE2 3AJ,Leicester
Leicester,LE2 5BB,Leicester
Leicester,LE3 0BT,Leicester
Leicester,LE3 5LH,Leicester
Leicestershire,LE4 4GL,Leicester
,LE4 7AG,Leicester
Leicester,LE5 0QC,Leicester
,LE5 3TB,Leicester
England,LE5 4DG,Leicester
,LE5 4HB,Leicester
Leicester,LE5 4LE,Leicester
Leicester,LE5 5JB,Leicester
Leicestershire,LE65 2LP,Ashby-De-La-Zouch
,LE67 4HT,Coalville
,LE9 7GH,Leicester
Wrexham,LL11 1HE,Wrexham
,LL11 1LF,Wrexham
Wrexham,LL11 3RY,Wrexham
Wrexham,LL11 4DS,Wrexham
Wrexham,LL12 7NA,Wrexham
,LL12 9NP,Wrexham
,LL13 7LH,Wrexham
Wrexham,LL13 7RT,Wrexham
,LL13 8EP,Wrexham
Clwyd,LL13 8NB,Wrexham
Wrexham,LL13 9HH,Wrexham
Wrexham,LL13 9YL,Wrexham
,LL14 3AA,Wrexham
.,LL15 1AS,Ruthin
,LL18 1RY,St. Asaph
Clwyd,LL18 1SB,St. Asaph
Clwyd,LL18 1SB,St. Asaph
Colwyn bay,LL29 9PR,Colwyn Bay
North Wales,LL34 6BY,Penmaenmawr
Penmaenmawr,LL34 6BY,Penmaenmawr
,LL34 6BY,Penmaenmawr
Bangor,LL57 1NS,Bangor
Bangor,LL77 7NA,Rhosneigr
Lincoln,LN1 3LN,Lincoln
,LN5 7PR,Lincoln
Lincoln,LN5 8NE,Lincoln
,LN6 8HW,Lincoln
,LN7 6UP,Market Rasen
,LS1 4BB,Leeds
,LS1 6PG,Leeds
,LS10 2DF,Leeds
,LS10 3QJ,Leeds
Leeds,LS10 3QJ,Leeds
West Yorkshire,LS10 4EP,Leeds
,LS10 4NH,Leeds
West Yorkshire,LS11 5HN,Leeds
West Yorkshire,LS11 7DJ,Leeds
,LS11 7DJ,Leeds
Leeds,LS11 7LR,Leeds
,LS11 7LR,Leeds
Leeds,LS12 2RF,Leeds
,LS12 2RF,Leeds
,LS12 2RF,Leeds
Leeds,LS12 2RF,Leeds
,LS12 3EJ,Leeds
,LS12 4DX,Leeds
Leeds,LS12 4RA,Leeds
,LS13 3RB,Leeds
West Yorkshire,LS15 8DT,Leeds
,LS16 5EL,Leeds
,LS18 5NY,Leeds
Leeds,LS2 9HB,Leeds
West Yorkshire,LS2 9HB,Leeds
West Yorkshire,LS2 9HD,Leeds
,LS20 8AH,Leeds
Garforth,LS25 1AA,Leeds
,LS25 7LE,Leeds
Morley,LS27 8DX,Leeds
Morley,LS27 8EE,Leeds
Morley,LS27 8SF,Leeds
,LS27 9AA,Leeds
,LS27 9DF,Leeds
West Yorkshire,LS27 9EW,Leeds
Pudsey,LS28 5HL,Pudsey
West Yorkshire,LS3 1DT,Leeds
West Yorkshire,LS3 1DT,Leeds
,LS3 1JX,Leeds
,LS3 1LY,Leeds
West Yorkshire,LS4 2JJ,Leeds
Leeds,LS4 2SX,Leeds
Leeds,LS5 3AQ,Leeds
Leeds,LS5 3LJ,Leeds
,LS6 1HR,Leeds
Yorkshire,LS6 1HY,Leeds
Leeds,LS6 1HY,Leeds
West Yorkshire,LS6 1HY,Leeds
West Yorkshire,LS6 2NY,Leeds
Leeds,LS6 2NY,Leeds
Leeds,LS6 2NY,Leeds
West Yorkshire,LS6 3AA,Leeds
,LS6 3LG,Leeds
,LS6 4HZ,Leeds
Leeds,LS6 4HZ,Leeds
,LS7 1AB,Leeds
Leeds,LS7 3HY,Leeds
West Yorkshire,LS8 3JT,Leeds
West Yorkshire,LS8 3QH,Leeds
West Yorkshire,LS9 0HJ,Leeds
Leeds,LS9 7SU,Leeds
LUTON,LU1 3EY,Luton
Luton,LU3 2SZ,Luton
,LU6 1AU,Dunstable
,LU6 1DA,Dunstable
,LU6 3RZ,Dunstable
,LU6 3SF,Dunstable
Manchester,M1 5GL,Manchester
Manchester,M11 1JG,Manchester
,M11 1JS,Manchester
,M11 2FB,Manchester
Greater Manchester,M13 0HR,Manchester
Manchester,M14 4UA,Manchester
Manchester,M14 5AJ,Manchester
Manchester,M14 5AN,Manchester
Greater Manchester,M14 5AP,Manchester
,M14 6JS,Manchester
Manchester,M14 6XQ,Manchester
Lancashire,M14 6XQ,Manchester
Manchester,M15 6NQ,Manchester
,M16 0BH,Manchester
,M18 7JL,Manchester
,M19 1AJ,Manchester
,M19 2HR,Manchester
,M19 3AR,Manchester
Manchester,M19 3AR,Manchester
,M19 3NP,Manchester
,M19 3PW,Manchester
,M20 1HZ,Manchester
,M20 3BW,Manchester
Greater Manchester,M20 6EL,Manchester
Lancashire,M20 6FJ,Manchester
Chorlton,M21 9AN,Manchester
Manchester,M21 9GA,Manchester
Manchester,M21 9PQ,Manchester
Withenshawe,M22 0LA,Manchester
MNCHESTER,M22 1SG,Manchester
Manchester,M22 4ET,Manchester
,M22 4FY,Manchester
,M22 4HH,Manchester
Manchester,M22 9GQ,Manchester
Manchester,M23 0BX,Manchester
Manchester,M24 1AS,Manchester
,M24 5QJ,Manchester
Manchester,M25 9JZ,Manchester
Radcliffe,M26 1AB,Manchester
Swinton,M27 6AY,Manchester
,M27 6AZ,Manchester
Pendlebury Swinton,M27 8FH,Manchester
Worsley,M28 3JE,Manchester
Manchester,M28 3JE,Manchester
,M30 0DF,Manchester
Lancashire,M30 0WQ,Manchester
,M32 0QJ,Manchester
,M33 7QY,Sale
,M33 7QZ,Sale
Manchester,M34 2AF,Manchester
Manchester,M34 3DH,Manchester
,M34 3JU,Manchester
Denton,M34 3LE,Manchester
Oldham,M34 6AB,Manchester
Greater Manchester,M38 9LQ,Manchester
Manchester City Centre,M4 1LN,Manchester
,M4 5AB,Manchester
Greater Manchester,M4 5AE,Manchester
,M40 0JX,Manchester
Newton Heath,M40 2TP,Manchester
Manchester,M40 9JS,Manchester
,M40 9WF,Manchester
,M43 6JE,Manchester
Manchester,M43 6JH,Manchester
,M45 7QX,Manchester
,M45 8NE,Manchester
Salford,M7 3TW,Salford
,M7 4UJ,Salford
Manchester,M8 5BN,Salford
,M9 7WF,Manchester
Kent,ME12 3JD,Sheerness
Kent,ME15 6LH,Maidstone
,ME15 8XW,Maidstone
Strood,ME2 2XG,Rochester
,ME2 4HY,Rochester
,ME4 4BJ,Chatham
GILLINGHAM,ME7 2YX,Gillingham
,ME8 7HX,Gillingham
Sittingbourne,ME9 8UW,Sittingbourne
Milton Keynes,MK1 1LS,Milton Keynes
Milton Keynes,MK11 1DZ,Milton Keynes
Milton Keynes,MK12 6HP,Milton Keynes
,MK2 2LY,Milton Keynes
Milton Keynes ,MK2 2SQ,Milton Keynes
Milton Keynes,MK2 2UG,Milton Keynes
,MK40 1BY,Bedford
Bedford,MK40 1DA,Bedford
,MK40 1NH,Bedford
,MK40 2TJ,Bedford
,MK40 2TJ,Bedford
Bedford,MK45 1DS,Bedford
,MK6 2XJ,Milton Keynes
North Lanarkshire,ML6 9SG,Airdrie
London,N1 1DW,London
London,N1 4AD,London
London,N1 7QJ,London
,N13 5TW,London
London,N15 5DA,London
LONDON,N16 7UN,London
London,N19 3PA,London
,N19 3PA,London
London,N19 3QL,London
London,N4 3PZ,London
,N4 4AP,London
Tyne and Wear,NE1 4EQ,Newcastle Upon Tyne
,NE1 7PG,Newcastle Upon Tyne
,NE10 0HQ,Gateshead
Gateshead,NE10 8RH,Gateshead
Newcastle Upon Tyne,NE12 9AY,Newcastle Upon Tyne
,NE16 3AD,Newcastle Upon Tyne
Northumberland,NE22 5HS,London
,NE24 1HB,Blyth
Tyne And Wear,NE24 4AG,Blyth
,NE26 2DN,Whitley Bay
Tyne And Wear,NE26 3RG,Whitley Bay
Wallsend,NE28 7RH,Wallsend
,NE29 0AG,North Shields
Newcastle,NE29 7QT,North Shields
South Shields,NE33 2LR,South Shields
,NE38 0EU,Washington
Washington,NE38 8JH,Washington
,NE4 5JU,Newcastle Upon Tyne
,NE4 9JP,Newcastle Upon Tyne
NEWCASTLE UPON TYNE,NE4 9PU,Newcastle Upon Tyne
,NE4 9QA,Newcastle Upon Tyne
Tyne and Wear,NE4 9XB,Newcastle Upon Tyne
Northumberland,NE6 2HX,Newcastle Upon Tyne
Newcastle upon tyne,NE6 5HP,Newcastle Upon Tyne
Tyne And Wear,NE6 5LL,Newcastle Upon Tyne
,NE6 5LQ,Newcastle Upon Tyne
,NE6 5NR,Newcastle Upon Tyne
,NE6 5XL,Newcastle Upon Tyne
Newcastle upon Tyne,NE6 5XN,Newcastle Upon Tyne
Newcastle,NE6 5XN,Newcastle Upon Tyne
Northumberland,NE63 9UJ,Ashington
,NE66 1LA,Bamburgh
,NE8 1QL,Gateshead
,NE8 3TS,Gateshead
Gateshead,NE8 4JR,Gateshead
Tyne and Wear,NE8 4TP,Gateshead
,NE8 4XH,Gateshead
,NE9 6JA,Gateshead
Newcastle,NE9 6QL,Gateshead
,NG1 3FB,Nottingham
,NG11 8AR,Nottingham
Nottingham,NG11 9FE,Nottingham
,NG12 5JT,Nottingham
,NG16 3AJ,Nottingham
Eastwood,NG16 3GS,Nottingham
,NG16 6LH,Nottingham
,NG17 1DA,Nottingham
,NG17 2NF,Nottingham
Nottinghamshire,NG17 3EQ,Nottingham
,NG17 7BD,Nottingham
Mansfield,NG18 1BW,Mansfield
Nottinghamshire,NG18 1EB,Mansfield
,NG18 1NB,Mansfield
Nottinghamshire,NG18 1ND,Mansfield
,NG18 5BQ,Mansfield
,NG18 5QD,Mansfield
Mansfield,NG19 6TE,Mansfield
Nottinghamshire,NG19 9LN,Mansfield
,NG2 4HU,Nottingham
Nottinghamshire,NG2 4HU,Nottingham
,NG2 4QL,Nottingham
Nottingham,NG2 7LN,Nottingham
Derbyshire,NG20 8AD,Mansfield
Mansfield,NG20 8AX,Mansfield
,NG21 9AA,Mansfield
,NG22 9PL,Newark
Nottinghamshire,NG24 1AD,Newark
Nottinghamshire,NG24 1BE,Newark
,NG24 1TW,Newark
,NG24 4UT,Newark
Nottingham,NG3 2FX,Nottingham
,NG3 2PU,Nottingham
Nottingham,NG3 5GJ,Nottingham
Nottingham,NG3 5QG,Nottingham
,NG31 6BA,Grantham
Lincolnshire,NG31 6LR,Grantham
Lincolnshire,NG31 6LX,Grantham
,NG31 6PR,Grantham
Uk,NG31 7LY,Grantham
Sleaford,NG34 7RG,Sleaford
Nottingham,NG4 2NN,Nottingham
Nottingham,NG4 3BP,Nottingham
,NG4 3BP,Nottingham
,NG4 3JA,Nottingham
Nottinghamshire,NG4 4HX,Nottingham
Nottingham,NG4 4HX,Nottingham
,NG5 1AD,Nottingham
Nottingham,NG5 1FD,Nottingham
,NG5 2DA,Nottingham
Nottingham,NG5 2FS,Nottingham
Nottingham,NG5 7DS,Nottingham
,NG5 7GQ,Nottingham
,NG6 8EZ,Nottingham
Nottingham,NG6 8GE,Nottingham
Nottingham,NG7 3NG,Nottingham
,NG7 3NS,Nottingham
Nottinghamshire,NG7 3NW,Nottingham
Nottingham,NG7 5EH,Nottingham
New Basford,NG7 7EU,Nottingham
,NG8 4BW,Nottingham
Nottingham,NG8 5NP,Nottingham
,NG8 5RR,Nottingham
Nottinghamshire,NG9 2DB,Nottingham
Nottingham,NG9 2LH,Nottingham
,NG9 2LN,Nottingham
Nottingham,NG9 2QS,Nottingham
Nottingham,NG9 7AS,Nottingham
Nottingham,NG9 8AB,Nottingham
Northamptonshire,NN1 1RS,Northampton
Northamptonshire,NN1 4AA,Northampton
Northamptonshire,NN10 0PA,Rushden
England,NN14 4JH,Kettering
,NN17 1AE,Corby
,NN17 1QE,Corby
,NN3 8XS,Northampton
Northamptonshire,NN3 9TW,Northampton
,NN4 8QF,Northampton
Wellingborough,NN9 6HS,Wellingborough
Newport,NP11 5BX,Newport
,NP13 1QA,Abertillery
Gwent,NP19 0BJ,Newport
NEWPORT,NP19 0FZ,Newport
,NP19 8JH,Newport
Newport,NP20 1GY,Newport
,NP20 2ED,Newport
Newport,NP20 5PA,Newport
,NP22 5BS,Tredegar
,NP23 6BE,Ebbw Vale
,NP23 4AF,Ebbw Vale
,NP4 0PJ,Pontypool
,NP44 3JU,Cwmbran
,NP44 3LR,Cwmbran
Cwmbran,NP44 3LR,Cwmbran
,NR14 6NA,Norwich
Poringland,NR14 7RP,Norwich
,NR18 0AN,Norwich
Melton,NR24 2AP,Melton Constable
,NR30 2AL,Great Yarmouth
Great Yarmouth,NR30 5EH,Great Yarmouth
,NR31 6DG,Great Yarmouth
Norfolk,NR31 6PJ,Great Yarmouth
,NR31 6QT,Great Yarmouth
Lowestoft,NR32 1BA,Lowestoft
Lowestoft,NR32 2QB,Lowestoft
,NR33 0AZ,Lowestoft
Lowestoft,NR33 0QG,Lowestoft
Norfolk,NR7 0AQ,Norwich
Norwich,NR7 9TL,Norwich
,NW10 0BT,London
,NW10 2EU,London
London,NW6 7EP,London
Oldham,OL1 3NQ,Oldham
,OL10 4NL,Heywood
,OL14 5BE,Todmorden
Rochdale,OL16 5DN,Littleborough
Lancashire,OL2 8NR,Oldham
Oldham,OL4 3BN,Oldham
Ashton-under-lyne,OL6 6LA,Ashton-Under-Lyne
,OL6 6LB,Ashton-Under-Lyne
,OL6 6LB,Ashton-Under-Lyne
,OL6 7DF,Ashton-Under-Lyne
Ashton Under Lynne,OL6 8EZ,Ashton-Under-Lyne
Greater manchester,OL6 9AU,Ashton-Under-Lyne
Lancashire,OL6 9HN,Ashton-Under-Lyne
,OL7 0LD,Ashton-Under-Lyne
MANCHESTER,OL8 1HE,Oldham
Greater Manchester,OL8 1QN,Oldham
Lancashire,OL8 1QT,Oldham
Oldham,OL9 6EJ,Oldham
,OL9 6JH,Oldham
Oxfordshire,OX14 5JT,Abingdon
,OX16 0LS,Banbury
Oxon,OX28 5NP,Witney
Oxfordshire,OX4 1XF,Oxford
,OX4 2NH,Oxford
,PA1 2DQ,Paisley
Renfrewshire,PA1 2JB,Paisley
Renfrewshire,PA1 2LT,Paisley
villageportglasgow.com,PA14 5JH,Port Glasgow
,PA3 2JR,Paisley
,PA5 8DP,Johnstone
,PE1 1SQ,Peterborough
,PE1 1ST,Peterborough
,PE1 2ND,Peterborough
Peterborough,PE1 2PB,Peterborough
,PE1 2PF,Peterborough
,PE1 2RH,Peterborough
Peterborough,PE1 2SH,Peterborough
,PE1 2TD,Peterborough
,PE1 3AL,Peterborough
,PE1 4RA,Peterborough
Lincolnshire,PE11 1DQ,Spalding
Lincolnshire,PE11 2AF,Spalding
Lincolnshire,PE12 9SF,Spalding
Cambridgeshire,PE13 1AT,Wisbech
,PE13 2LF,Wisbech
Cambridgeshire,PE13 2LF,Wisbech
Cambridgeshire,PE13 3LJ,Wisbech
,PE15 9JR,March
Huntingdonshire,PE19 1SU,St. Neots
,PE2 8DP,Peterborough
Cambridgeshire,PE2 8GP,Peterborough
Peterborough,PE2 8HA,Peterborough
Peterborough,PE2 9HL,Peterborough
Cambrigeshire,PE2 9HL,Peterborough
,PE21 0AL,Boston
,PE21 8HY,Boston
,PE25 3EB,Skegness
,PE27 5BX,St. Ives
,PE27 5RF,St. Ives
Cambridgeshire,PE29 6DY,Huntingdon
,PE3 6EY,Peterborough
,PE3 6EY,Peterborough
Norfolk,PE30 2QG,King's Lynn
Peterborough,PE31 7EY,King's Lynn
,PE4 7DH,Peterborough
,PE6 0EF,Peterborough
Peterborough,PE6 0EN,Peterborough
,PE6 8EB,Peterborough
Peterborough,PE6 8PX,Peterborough
,PE7 1BA,Peterborough
,PE7 3JL,Peterborough
,PE7 8NJ,Peterborough
Northamptonshire,PE8 4EJ,Peterborough
Lincolnshire,PE9 1PA,Stamford
Lincolnshire,PE9 2YN,Stamford
Perth,PH1 2DP,Perth
Perth,PH1 2PW,Perth
Perth,PH1 5NX,Perth
Aberfeldy,PH15 2DF,Aberfeldy
,PH2 8NY,Perth
,PH3 1AD,Auchterarder
Perthshire,PH7 3HA,Crieff
,PL1 1ET,Plymouth
,PL1 1PG,Plymouth
,PL1 2AG,Plymouth
Plymouth,PL1 2AG,Plymouth
,PL12 6JL,Saltash
Saltash,PL12 6JY,Saltash
,PL17 7AD,Callington
Plymouth,PL2 1AQ,Plymouth
,PL2 2BX,Plymouth
,PL21 9AB,Ivybridge
Ivybridge,PL21 9AB,Ivybridge
Cornwall,PL25 4PJ,St. Austell
,PL3 5ER,Plymouth
,PL4 6JG,Plymouth
,PL4 9HY,Plymouth
,PL5 1ND,Plymouth
Plymouth,PL5 1RW,Plymouth
,PL5 1RX,Plymouth
,PL6 5AE,Plymouth
Hampshire,PO1 3HW,Portsmouth
Gosport,PO12 1SE,Gosport
Hampshire,PO13 9UB,Gosport
,PO16 9PP,Fareham
,PO2 0LH,Portsmouth
,PO2 0LN,Portsmouth
Portsmouth,PO2 7LP,Portsmouth
West Sussex,PO21 2NW,Bognor Regis
Hampshire,PO5 1LH,Southsea
Hampshire,PO5 1LU,Southsea
SOUTHSEA,PO5 2SG,Southsea
,PO6 4PY,Portsmouth
,PO9 1PY,Rowland's Castle
Hampshire,PO9 1QF,Rowland's Castle
Hampshire,PO9 1QF,Rowland's Castle
Preston,PR1 1DA,Preston
Preston,PR1 2AT,Preston
,PR1 2EE,Preston
Preston,PR1 2QY,Preston
Preston,PR1 4ST,Preston
Lancashire,PR1 4ST,Preston
,PR1 4SU,Preston
Preston,PR1 9AB,Preston
,PR2 1HX,Preston
Lea,PR2 1QR,Preston
Preston,PR2 6BU,Preston
Leyland,PR25 1BX,Leyland
,PR25 1UQ,Leyland
Preston,PR25 1XB,Leyland
Leyland,PR25 2GD,Leyland
Leyland,PR25 3NE,Leyland
,PR4 5QN,Preston
Bamber Bridge,PR5 6LA,Preston
,PR7 3DL,Chorley
,PR8 1BX,Southport
SOUTHPORT,PR8 1DG,Southport
,PR8 1JX,Southport
Reading,RG1 7LJ,Reading
Berkshire,RG17 8XN,Hungerford
Reading,RG19 3HX,Thatcham
Reading,RG2 0ER,Reading
,RG21 7DA,Basingstoke
Mardin,RG21 7NX,Basingstoke
,RG26 5LX,Tadley
Berkshire,RG30 1JA,Reading
,RG31 6DP,Reading
West Berkshire,RG7 3SE,Reading
,RH10 1BU,Crawley
West sussex,RH10 8DT,Crawley
West Sussex,RH10 8DT,Crawley
,RH4 2JR,Dorking
Surrey,RH6 7AR,Gatwick
Romford,RM1 1EU,Romford
,RM1 2EP,Romford
,RM1 2JA,Romford
,RM1 2LA,Romford
,RM11 1QJ,Hornchurch
London,RM12 4RS,Hornchurch
Elmpark,RM12 4RW,Hornchurch
,RM14 2RB,Upminster
Romford,RM14 3BL,Upminster
,RM17 6NX,Grays
East London,RM2 5EU,Romford
Essex,RM8 1YT,Dagenham
,RM8 2AQ,Dagenham
Dagenham,RM9 4ND,Dagenham
,RM9 4ND,Dagenham
Essex,RM9 4NU,Dagenham
,S1 2JG,Sheffield
,S11 8TN,Sheffield
Sheffield,S12 2TA,Sheffield
Sheffiled,S2 3AH,Sheffield
Sheffield,S2 4LT,Sheffield
,S3 8HS,Sheffield
,S35 2XH,Sheffield
,S36 1DH,Sheffield
,S36 1DH,Sheffield
,S36 1DH,Sheffield
,S40 2AR,Sheffield
Chesterfield,S40 2BH,Sheffield
Derbyshire,S40 2FL,Sheffield
Chesterfield,S40 2PR,Sheffield
,S41 0JB,Sheffield
,S41 7HS,Sheffield
,S41 7HS,Sheffield
Derbyshire,S42 5QZ,Sheffield
Chesterfield,S43 2AL,Sheffield
Chesterfield,S43 3TT,Sheffield
Derbyshire,S45 9DY,Sheffield
,S45 9NS,Sheffield
,S5 0QA,Sheffield
,S5 6HJ,Sheffield
,S5 8AU,Sheffield
Sheffield,S5 9LH,Sheffield
Sheffield,S6 1HG,Sheffield
South Yorkshire,S6 1LH,Sheffield
,S6 2UF,Sheffield
Sheffield,S6 3DH,Sheffield
,S6 3EB,Sheffield
,S61 1AE,Rotherham
,S62 5NB,Rotherham
,S63 0NG,Rotherham
,S64 8AU,Mexborough
South Yorkshire,S64 9QD,Mexborough
,S65 3AD,Rotherham
Rotherhm,S65 3EW,Rotherham
,S7 1FJ,Sheffield
Barnsley,S70 1AT,Barnsley
,S70 5AX,Barnsley
,S71 4DN,Barnsley
,S72 8SY,Barnsley
,S73 0AH,Barnsley
Barnsley,S73 8DR,Barnsley
Barnsley,S73 8HB,Barnsley
Hoyland,S74 0LT,Barnsley
Sheffield,S74 0LY,Barnsley
,S74 9QR,Barnsley
,S8 0SF,Sheffield
,S8 7LD,Sheffield
,S80 1EU,Worksop
Nottinghamshire,S80 1LA,Worksop
,S80 SB,Worksop
,S9 1UY,Sheffield
,S9 3SA,Sheffield
,S9 3TJ,Sheffield
,S9 4RE,Sheffield
South Wales,SA1 2HE,Swansea
,SA1 4AZ,Swansea
West Glamorgan,SA11 1NA,Neath
,SA11 1NH,Neath
,SA11 1PU,Neath
Mid Glamorgan,SA11 1PU,Neath
NEATH,SA11 1UU,Neath
,SA11 2SU,Neath
,SA13 1LN,Port Talbot
,SA14 8LA,Llanelli
Carmarthenshire,SA14 8LR,Llanelli
South Wales,SA15 1DJ,Llanelli
Carmarthen,SA17 4UU,Ferryside
Wales,SA18 1AE,Ammanford
West Glamorgan,SA2 0HB,Swansea
West Glamorgan,SA2 0HB,Swansea
,SA2 0HB,Swansea
Swansea,SA4 4BP,Swansea
,SA45 9QJ,New Quay
,SA5 7JY,Swansea
,SA5 9AH,Swansea
Swansea,SA5 9LE,Swansea
,SA6 5LW,Swansea
,SA6 6HT,Swansea
,SA70 7HZ,Tenby
,SA8 4ED,Swansea
Ystalyfera,SA9 2JA,Swansea
,SE10 8NX,London
London,SE10 9PJ,London
,SE12 0DU,London
London,SE15 3LS,London
London,SE16 4XF,London
London,SE16 5SW,London
London,SE19 3NG,London
,SE23 1DY,London
Foresthill,SE23 3HT,London
,SE25 4PJ,London
,SE25 4UN,London
London ,SE25 5EY,London
London,SE25 6HA,London
London,SE3 8AR,London
,SE6 2JT,London
London,SE6 4PX,London
London,SE8 5DB,London
,SE9 1BW,London
,SG12 8AA,Ware
,SG19 1DN,Sandy
Hertfordshire,SG2 8ET,Stevenage
,SG2 9XH,Stevenage
Hertfordshire,SG6 3BJ,Hitchin
,SG7 6NG,Baldock
Cheshire,SK10 2HB,Macclesfield
Macclesfield,SK11 6DY,Macclesfield
Cheshire,SK11 6JL,Macclesfield
,SK11 6JZ,Macclesfield
Cheshire,SK11 6NR,Macclesfield
Cheshire,SK11 6NR,Macclesfield
Cheshire,SK11 6QS,Macclesfield
,SK11 7NA,Macclesfield
Mancheter,SK14 1EX,Hyde
Stalybridge,SK15 2AA,Stalybridge
Lancashire,SK15 2AA,Stalybridge
,SK15 2JL,Stalybridge
Stalybridge,SK15 2QS,Stalybridge
Buxton,SK17 6EB,Buxton
,SK17 6EU,Buxton
Stockport,SK2 7NR,Stockport
Derbyshire,SK22 4AH,High Peak
Manchester,SK3 0DT,Stockport
Stock Port,SK3 9AL,Stockport
Manchester,SK4 3BS,Stockport
,SK5 7AE,Stockport
,SK6 6AF,Stockport
,SK7 4HJ,Stockport
,SK7 4PS,Stockport
Stockport,SK8 4RF,Cheadle
Wilmslow,SK9 1DR,Wilmslow
Berkshire,SL1 2DA,Slough
Barkshire,SL2 1JD,Slough
Berkshire,SL2 5AH,Slough
Ascot,SL5 0EP,Ascot
Maidenhead,SL6 3NR,Maidenhead
Berskhire,SL6 7BE,Maidenhead
Cookham,SL6 9BR,Maidenhead
,SM1 1QE,Sutton
,SM3 8JW,Sutton
London,SM4 5LJ,Morden
Surrey,SM4 5PR,Morden
Swindon,SN1 1BT,Swindon
Wiltshire,SN13 0HB,Corsham
Wiltshire,SN15 1QA,Corsham
Faringdon,SN7 7HP,Faringdon
,SO14 0JR,Southampton
Hampshire,SO14 1NX,Southampton
Southampton ,SO14 3BL,Southampton
Southampton,SO14 3DP,Southampton
Hampshire,SO14 7DW,Southampton
Southampton,SO15 2BY,Southampton
Southampton,SO15 3JD,Southampton
,SO16 3EG,Southampton
Hampshire,SO16 5GD,Southampton
Hampshire,SO16 5GD,Southampton
Hampshire,SO16 6AS,Southampton
,SO19 8FU,Southampton
Southampton,SO40 3AH,Southampton
,SO40 9HN,Southampton
Easleigh,SO53 2FU,Eastleigh
,SP2 7DT,Salisbury
Sunderland,SR1 3NX,Sunderland
Sunderland,SR6 0HQ,Sunderland
Peterlee,SR8 1BS,Peterlee
,SR8 5DE,Peterlee
Peterlee,SR8 5DY,Peterlee
Southend-on-sea,SS1 2QA,Southend-On-Sea
Essex,SS14 3DU,Basildon
Basildon,SS15 6EB,Basildon
Essex,SS17 0AH,Stanford-Le-Hope
Stanford-Le-Hope,SS17 0HQ,Stanford-Le-Hope
Essex,SS6 7EF,Rayleigh
South Benfleet,SS7 5HA,Benfleet
Stoke On Trent,ST1 1EG,Stoke-On-Trent
,ST1 1JD,Stoke-On-Trent
Stoke on trent,ST1 2BQ,Stoke-On-Trent
,ST1 3JE,Stoke-On-Trent
Hanley,ST1 3SH,Stoke-On-Trent
,ST1 4EJ,Stoke-On-Trent
Hanley,ST1 4EU,Stoke-On-Trent
Stoke-on-Trent,ST1 4LU,Stoke-On-Trent
,ST1 4LU,Stoke-On-Trent
Staffordshire,ST1 4LU,Stoke-On-Trent
Stoke On Trent,ST1 5LQ,Stoke-On-Trent
Staffordshire,ST1 5NA,Stoke-On-Trent
Stoke on Trent,ST1 5RW,Stoke-On-Trent
Staffordshire,ST10 1AA,Stoke-On-Trent
Staffordshire,ST10 1BJ,Stoke-On-Trent
Staffordshire,ST10 1DY,Stoke-On-Trent
Draycot,ST11 9NR,Stoke-On-Trent
Staffordshire,ST13 5AS,Leek
Staffordshire,ST13 5DZ,Leek
,ST13 5HJ,Leek
Staffordshire,ST13 5JH,Leek
Leek,ST13 6DH,Leek
Staffordshire,ST14 8HP,Uttoxeter
Stoke on trent,ST15 0JN,Stone
Stone,ST15 8NA,Stone
Staffordshire,ST16 2HL,Stafford
,ST16 2PT,Stafford
Staffordshire,ST16 3BS,Stafford
,ST17 4BJ,Stafford
Staffordshire,ST17 4JX,Stafford
Stoke on Trent,ST2 9HJ,Stoke-On-Trent
,ST3 1EW,Stoke-On-Trent
Stoke on Trent,ST3 1EW,Stoke-On-Trent
Stoke,ST3 3AY,Stoke-On-Trent
Stoke On Trent,ST3 4QE,Stoke-On-Trent
Stoke on Trent,ST3 5EB,Stoke-On-Trent
Staffordshire,ST3 5LQ,Stoke-On-Trent
Staffordshire,ST3 5LQ,Stoke-On-Trent
Stoke-on-Trent,ST3 6AB,Stoke-On-Trent
Stoke-on-Trent,ST3 6AD,Stoke-On-Trent
Stoke On Trent,ST3 7AE,Stoke-On-Trent
Stoke On Trent,ST4 1AT,Stoke-On-Trent
Stoke,ST4 1AW,Stoke-On-Trent
Staffordshire,ST4 1BL,Stoke-On-Trent
Stoke-on-trent,ST4 1BU,Stoke-On-Trent
Stoke on Trent,ST4 1BU,Stoke-On-Trent
Shelton,ST4 2BB,Stoke-On-Trent
Stoke on Trent,ST4 2JX,Stoke-On-Trent
Stoke-on-trent,ST4 2JX,Stoke-On-Trent
Stoke-on-Trent,ST4 2JX,Stoke-On-Trent
Stoke on Trent,ST4 2QA,Stoke-On-Trent
Stoke on Trent,ST4 3EE,Stoke-On-Trent
Stoke-on-Trent,ST4 3NA,Stoke-On-Trent
Stoke on trent,ST4 3NA,Stoke-On-Trent
Stoke,ST4 4RU,Stoke-On-Trent
Staffordshire,ST4 5AG,Stoke-On-Trent
Stoke on Trent,ST4 5NX,Stoke-On-Trent
Stoke On Trent,ST4 5RW,Stoke-On-Trent
Staffordshire,ST5 0BE,Newcastle
Staffordshire,ST5 0EN,Newcastle
Staffordshire,ST5 0HE,Newcastle
Stoke-On-Trent,ST5 1JU,Newcastle
Staffordshire,ST5 1JU,Newcastle
Newcastle,ST5 1JX,Newcastle
Newcastle,ST5 1JX,Newcastle
Newcastle under Lyme,ST5 1QG,Newcastle
,ST5 1TT,Newcastle
Staffordshire,ST5 2TW,Newcastle
Newcastle,ST5 2TW - TEMP SITE,Newcastle
Newcastle-Under-Lyme,ST5 3DA,Newcastle
Newcastle-Under-Lyme,ST5 3DA,Newcastle
Staffordshire,ST5 3NE,Newcastle
Staffordshire,ST5 7EA,Newcastle
Stoke On Trent,ST5 8HX,Newcastle
Newcastle under Lyme,ST5 9HD,Newcastle
Staffordshire,ST5 9HW,Newcastle
Staffordshire,ST6 1DT,Stoke-On-Trent
Stoke-On-Trent,ST6 1DT,Stoke-On-Trent
-,ST6 1DT,Stoke-On-Trent
Stoke-on-Trent,ST6 1DT,Stoke-On-Trent
Stoke On Trent,ST6 1DT,Stoke-On-Trent
Tilehurst,ST6 1DT,Stoke-On-Trent
Burslem,ST6 1DT,Stoke-On-Trent
Stoke,ST6 1DT,Stoke-On-Trent
Stoke,ST6 1DT,Stoke-On-Trent
Stoke on Trent,ST6 1NT,Stoke-On-Trent
Stoke-on-Trent,ST6 1NT,Stoke-On-Trent
STOKE,ST6 1NT,Stoke-On-Trent
Stoke-on-trent,ST6 3ES,Stoke-On-Trent
Stoke-on-Trent,ST6 3ES,Stoke-On-Trent
Stoke-on-trent,ST6 3EX,Stoke-On-Trent
Staffordshire,ST6 3EX,Stoke-On-Trent
,ST6 3HB,Stoke-On-Trent
Stoke On Trent,ST6 3HL,Stoke-On-Trent
Stoke-on-Trent,ST6 3HL,Stoke-On-Trent
Stoke-on-Trent,ST6 3HR,Stoke-On-Trent
Stoke On Trent,ST6 3QH,Stoke-On-Trent
Staffordshire,ST6 3QJ,Stoke-On-Trent
Stoke-on-Trent,ST6 3QJ,Stoke-On-Trent
Stoke on trent,ST6 5AA,Stoke-On-Trent
Stoke on Trent,ST6 5AN,Stoke-On-Trent
Stoke on Trent,ST6 5AN,Stoke-On-Trent
Stoke On Trent,ST6 5df,Stoke-On-Trent
Stoke On Trent,ST6 5DF,Stoke-On-Trent
Stoke-on-Trent,ST6 5EP,Stoke-On-Trent
Staffordshire,ST6 5QH,Stoke-On-Trent
Stoke-On-Trent,ST6 5TJ,Stoke-On-Trent
Stoke on Trent,ST6 5TJ,Stoke-On-Trent
,ST6 5TY,Stoke-On-Trent
 Stoke-on-trent,ST6 6LF,Stoke-On-Trent
Staffs,ST6 8BQ,Stoke-On-Trent
,ST65A,Wrong postcode!
Stoke on Trent,ST7 1EA,Stoke-On-Trent
Stafford,ST7 4AB,Stoke-On-Trent
Stoke-on-Trent,ST7 8HQ,Stoke-On-Trent
Stoke on Trent,ST9 0DU,Stoke-On-Trent
London,SW11 1JA,London
,SW14 7DE,London
,SW14 8QS,London
,SW15 1HJ,London
,SW15 4HJ,London
LONDON,SW15 5QJ,London
London,SW16 3PH,London
,SW16 5NL,London
,SW16 6NR,London
London,SW17 9PP,London
London,SW19 1BD,London
Wimbledon,SW19 1BD,London
,SW2 4UB,London
,SW2 4UB,London
Shrewsbury,SY1 2EH,Shrewsbury
,SY1 2EJ,Shrewsbury
Shrewsbury,SY1 4EL,Shrewsbury
Oswestry,SY11 1QA,Oswestry
,SY11 1QW,Oswestry
,SY11 2NN,Oswestry
Gobowen,SY11 3JP,Oswestry
,SY13 1BB,Whitchurch
,SY16 1AA,Newtown
,SY23 2LN,Llanon
Wales,SY25 6HX,Tregaron
,SY4 4HP,Shrewsbury
Wem,SY4 5DR,Shrewsbury
,TA1 3PR,Taunton
Somerset,TA6 3BQ,Bridgwater
Somerset,TA6 5HS,Bridgwater
Telford,TF1 5AQ,Telford
Telford,TF2 6EL,Telford
Shropshire,TF2 6EL,Telford
Shropshire,TF2 6PY,Telford
Shropshire,TF2 6PY,Telford
Shropshire,TF2 6PY,Telford
Shropshire,TF2 7DP,Telford
Shropshire,TF3 2EW,Telford
Market Drayton,TF9 3QD,Market Drayton
,TN23 1QN,Ashford
Hastings,TN34 1SJ,Hastings
,TN37 6RE,ST. LEONARDS-ON-SEA
East Sussex,TN39 4SJ,Bexhill-on-Sea
Kent,TN8 5AR,EDENBRIDGE
,TQ1 1EB,Torquay
,TQ12 2AU,Newton Abbot
Newton Abbot,TQ12 2EU,Newton Abbot
,TQ14 8AU,Teignmouth
,TQ3 3BW,Paignton
,TQ3 3HF,Paignton
,TQ6 9RT,DARTMOUTH
Cornwall,TR1 2AA,Truro
Cornwall,TR15 2RZ,Redruth
Redruth,TR15 3PE,Redruth
Penzance,TR18 2HX,Penzance
,TS1 3JD,Middlesbrough
,TS1 3RA,Middlesbrough
,TS1 4AS,Middlesbrough
Cleveland,TS1 4BE,Middlesbrough
,TS10 1RJ,Redcar
,TS10 3BW,Redcar
Cleveland,TS10 3DQ,Redcar
Cleveland,TS10 3JG,Redcar
Redcar,TS10 5JP,Redcar
Redcar,TS10 5JZ,Redcar
,TS11 7NA,Redcar
Easington,TS13 4NL,Saltburn-by-the-Sea
,TS14 6BN,Guisborough
Guisborough,TS14 6HF,Guisborough
Stockton-on-Tees,TS15 9XN,Yarm
Stockton-on-Tees,TS16 0EH,Stockton-on-Tees
Stockton-on-Tees,TS17 0QB,Stockton-on-Tees
Cleveland,TS17 8AB,Stockton-on-Tees
Stockton-on-Tees,TS18 1DB,Stockton-on-Tees
,TS18 2BS,Stockton-on-Tees
,TS19 0DE,Stockton-on-Tees
Stockton-on-Tees,TS19 8PD,Stockton-on-Tees
Cleveland,TS20 1AL,Stockton-on-Tees
Cleveland,TS20 1RF,Stockton-on-Tees
Stockton-on-Tees,TS20 2BX,Stockton-on-Tees
Stockton-on-Tees,TS20 2DR,Stockton-on-Tees
County Durham,TS21 2AJ,Stockton-on-Tees
Billingham,TS23 1AB,Billingham
Billingham,TS23 1AE,Billingham
,TS23 1AF,Billingham
Hartlepool,TS24 7PW,Hartlepool
,TS24 8QG,Hartlepool
Hartlepool,TS25 1SL,Hartlepool
Hartlepool,TS26 8PQ,Hartlepool
Teesside,TS26 8PU,Hartlepool
,TS3 0RY,Middlesbrough
,TS3 6EP,Middlesbrough
Middlesborough,TS3 6NG,Middlesbrough
North Yorkshire,TS3 6NL,Middlesbrough
Cleveland,TS3 7NW,Middlesbrough
Middlesbrough,TS3 9NB,Middlesbrough
Cleveland,TS4 3AA,Middlesbrough
,TS5 6AB,Middlesbrough
,TS5 6DY,Middlesbrough
Middlesbrough,TS5 6DZ,Middlesbrough
Middlesbrough,TS5 6HF,Middlesbrough
Middlesborough,TS5 6HF,Middlesbrough
Middlesbrough,TS5 6HF,Middlesbrough
Middlesbrough,TS5 6PN,Middlesbrough
,TS5 6QL,Middlesbrough
,TS5 6QN,Middlesbrough
Eston,TS6 8BL,Middlesbrough
Middlesbrough,TS6 9JF,Middlesbrough
Middlesbrough,TS6 9JF,Middlesbrough
Middlesbrough,TS8 0TW,Middlesbrough
London,TW1 2DY,Twickenham
Greater London,TW1 3SG,Twickenham
Greater London,TW1 3SG,Twickenham
Greater London,TW1 4BW,Twickenham
Teddington,TW11 9JP,Teddington
Englefield Green,TW20 0BY,Egham
Surrey,TW20 0BY,Egham
,TW3 1NP,Hounslow
London,TW3 1RS,Hounslow
Middlesex,TW4 5NP,Hounslow
London,UB10 0LX,Uxbridge
Middlesex,UB10 9NA,Uxbridge
Middlesex,UB7 8AG,West Drayton
,W12 9BL,LONDON
Greater London,W3 8HR,LONDON
London,W4 3JY,LONDON
,W5 4QJ,LONDON
London,W5 4QL,LONDON
London,W5 4QL,LONDON
Ealing,W5 4RP,LONDON
Greater London,W6 0SP,LONDON
London,W7 1HA,LONDON
London,W7 2DG,LONDON
Warrington,WA1 2NZ,Warrington
St Helens,WA10 1PY,ST. HELENS
,WA10 2JG,ST. HELENS
Mersyside,WA10 4PZ,ST. HELENS
,WA10 5JW,ST. HELENS
Rainford,WA11 8HR,ST. HELENS
,WA12 8PQ,Newton-le-Willows
,WA12 8PQ,Newton-le-Willows
,WA12 9AQ,Newton-le-Willows
Newton-le-willows,WA12 9PS,Newton-le-Willows
Latchford,WA4 1AU,Warrington
Liverpool,WA4 1LU,Warrington
,WA4 2EZ,Warrington
,WA5 1UB,Warrington
Cheshire,WA6 0AD,Frodsham
,WA6 7AF,Frodsham
Runcorn,WA7 1AW,Runcorn
Runcorn,WA7 1JG,Runcorn
WArrington,WA8 0AX,Widnes
Cheshire,WA8 5AJ,Widnes
Widnes,WA8 6LB,Widnes
WIDNES,WA8 7RP,Widnes
,WA9 1DA,ST. HELENS
St helens,WA9 3JN,ST. HELENS
,WA9 5PE,ST. HELENS
London,WC1X 8TZ,LONDON
,WD17 1RD,Watford
Hertfordshire,WD6 1DR,Borehamwood
,WF1 1XQ,Wakefield
West Yorkshire,WF1 3AY,Wakefield
,WF10 1AF,Castleford
,WF10 1EE,Castleford
Castleford,WF10 1EN,Castleford
Yorkshire,WF10 1EW,Castleford
,WF10 1LN,Castleford
Weat Yorkshire,WF10 5AR,Castleford
,WF10 5BW,Castleford
Yorkshire,WF10 5BW,Castleford
,WF2 7JE,Wakefield
,WF2 9BS,Wakefield
,WF2 9RL,Wakefield
Leeds,WF3 3AL,Wakefield
,WF6 1HT,NORMANTON
Pontefract,WF8 2LY,Pontefract
,WF9 4AS,Pontefract
Wigan,WN1 1QX,Wigan
Wigan,WN1 2LF,Wigan
,WN2 1AF,Wigan
Wigan,WN2 1PP,Wigan
Ince,WN2 2EA,Wigan
,WN4 9AE,Wigan
,WN4 9AF,Wigan
,WN4 9BJ,Wigan
,WN5 9EA,Wigan
Wigan,WN6 8EA,Wigan
,WN7 1QZ,LEIGH
Lancashire,WN7 4AJ,LEIGH
Worcester,WR1 2HU,Worcester
Worcestershire,WR1 2SG,Worcester
Worcestershire,WR2 5AG,Worcester
,WR4 9QH,Worcester
,WR8 0HQ,Worcester
Worcestershire,WR9 8ES,DROITWICH
,WS1 1JG,Walsall
Birmingham,WS1 1JQ,Walsall
,WS1 2EU,Walsall
,WS1 3QQ,Walsall
,WS1 3RL,Walsall
,WS1 3RW,Walsall
,WS1 4LA,Walsall
,WS10 0DX,Wednesbury
,WS10 7HD,Wednesbury
"Wednesbury,",WS10 8JP,Wednesbury
Wednesbury,WS10 9SA,Wednesbury
,WS11 5DZ,Cannock
Staffordshire,WS13 6PR,Lichfield
Staffordshire,WS15 2DR,Rugeley
Staffordshire,WS15 2EJ,Rugeley
,WS15 2JH,Rugeley
,WS15 2PY,Rugeley
,WS2 8EA,Walsall
,WS2 8RL,Walsall
WALSALL,WS2 8RQ,Walsall
West Midlands,WS2 9QN,Walsall
,WS3 1HU,Walsall
West Midlands,WS3 2EX,Walsall
WALSALL,WS6 7DY,Walsall
,WS7 1JR,Burntwood
Burntwood,WS7 3XF,Burntwood
,WS9 8QP,Walsall
Wolverhampton,WV1 3BY,Willenhall
West Midlands,WV10 9UW,Wolverhampton
,WV12 4JN,Willenhall
,WV12 5TL,Willenhall
Willenhall,WV13 2DU,Willenhall
Parkfield,WV2 2DT,Wolverhampton
West Midlands,WV2 3AQ,Wolverhampton
Wolverhampton,WV2 3AQ,Wolverhampton
,WV2 4NX,Wolverhampton
West Midlands,WV3 0TT,Wolverhampton
Wolverhampton,WV6 0QW,Wolverhampton
York,YO10 3BP,York
North Yorkshire,YO10 4BB,York
Uk,YO12 7JR,SCARBOROUGH
Pickering,YO18 7LG,Pickering
,YO24 1AR,York
,YO24 1AZ,York
DRIFFIELD,YO25 6QE,Driffield
York,YO30 6DG,York
York,YO30 7AS,York
,YO30 7BL,York
York,YO31 0QT,York
Yorkshire,YO31 7EA,York
UK,YO32 3SA,York
